-- DOMAINS
INSERT INTO domains (id, name_en, name_ar, weight, key_category, order_num) VALUES
('1','Academic Achievement','التحصيل الأكاديمي','high','learning_outcomes',1),
('2','Personal Development','التنمية الشخصية','medium','learning_outcomes',2),
('3','Teaching and Assessment','التدريس والتقييم','high','school_processes',3),
('4','School Climate and Learning Environment','المناخ المدرسي وبيئة التعلم','medium','school_processes',4),
('5','Leadership, Management and Governance','القيادة والإدارة والحوكمة','high','quality_assurance',5)
ON CONFLICT (id) DO NOTHING;

-- STANDARDS
INSERT INTO standards (id, domain_id, name_en, name_ar, is_primary, order_num) VALUES
('1.1','1','Academic Attainment','التحصيل الأكاديمي',true,1),
('1.2','1','Academic Progress','التقدم الأكاديمي',true,2),
('1.3','1','Learning Skills','مهارات التعلم',false,3),
('2.1','2','Values and Behaviour','القيم والسلوك',true,1),
('2.2','2','Identity and Citizenship','الهوية والمواطنة',true,2),
('2.3','2','Health and Environmental Awareness','الوعي الصحي والبيئي',false,3),
('2.4','2','Innovation and Entrepreneurship','الابتكار وريادة الأعمال',false,4),
('3.1','3','Curriculum Planning','تخطيط المنهج',true,1),
('3.2','3','Class Management','إدارة الفصل',true,2),
('3.3','3','Teaching Effectiveness','فاعلية التدريس',true,3),
('3.4','3','Developing Learning Skills','تنمية مهارات التعلم',false,4),
('3.5','3','Assessment and Progress Support','التقييم ودعم التقدم',true,5),
('4.1','4','Quality of the Learning Environment','جودة بيئة التعلم',true,1),
('4.2','4','Fostering Students Talents and Capabilities','تنمية مواهب الطلاب وقدراتهم',true,2),
('4.3','4','Support and Care','الدعم والرعاية',true,3),
('4.4','4','Developing Research Skills','تنمية مهارات البحث العلمي',false,4),
('5.1','5','Leadership of Change','قيادة التغيير',true,1),
('5.2','5','Leadership of Teaching and Learning','قيادة التعليم والتعلم',true,2),
('5.3','5','Managerial Competency','الكفاءة الإدارية',true,3),
('5.4','5','Partnership with Parents and the Community','الشراكة مع أولياء الأمور والمجتمع',false,4),
('5.5','5','Governance','الحوكمة',true,5)
ON CONFLICT (id) DO NOTHING;

-- INDICATORS
INSERT INTO indicators (id, standard_id, domain_id, description_en, key_evidence, order_num) VALUES
('1.1.1','1.1','1','Overall levels of students attainment',ARRAY['Student test scores and grade data','National exam results','Benchmarking reports'],1),
('1.1.2','1.1','1','Students attainment in classwork and assignments',ARRAY['Student workbooks and portfolios','Teacher mark books','Assignment records'],2),
('1.1.3','1.1','1','Equity of attainment for all learners',ARRAY['Disaggregated data by gender/SEN/nationality','Attainment gap analysis'],3),
('1.2.1','1.2','1','Students overall attainment levels over time',ARRAY['3-year trend data','Progress tracking spreadsheets','Cohort comparison reports'],1),
('1.2.2','1.2','1','Students academic progress in lessons',ARRAY['Lesson observation notes','Learning walk records','Student work samples'],2),
('1.2.3','1.2','1','Progress of vulnerable students',ARRAY['SEN student progress reports','At-risk student tracking','Intervention records'],3),
('1.3.1','1.3','1','Independent learning skills',ARRAY['Student project work','Self-directed learning examples','Teacher observations'],1),
('1.3.2','1.3','1','Collaborative learning skills',ARRAY['Group project evidence','Peer assessment records','Collaboration activity photos'],2),
('1.3.3','1.3','1','Higher-order thinking skills',ARRAY['Assessment tasks requiring analysis/evaluation','Student work showing critical thinking'],3),
('1.3.4','1.3','1','Application of learning to real-life contexts',ARRAY['Real-world project evidence','Community links','Applied learning examples'],4),
('1.3.5','1.3','1','Digital literacy skills',ARRAY['Student digital work samples','Technology use records','Digital project portfolios'],5),
('1.3.6','1.3','1','Reading culture',ARRAY['Library usage data','Reading logs','Reading programme records'],6),
('2.1.1','2.1','2','Upholding shared human values',ARRAY['Behaviour policy','Student conduct records','Values education programme'],1),
('2.1.2','2.1','2','Students understanding of their rights and duties',ARRAY['Student rights education materials','Student council records'],2),
('2.1.3','2.1','2','Students enthusiasm and motivation towards learning',ARRAY['Attendance records','Student surveys','Engagement observation data'],3),
('2.2.1','2.2','2','Pride in Omans identity, history and culture, loyalty to the Sultanate and His Majesty the Sultan',ARRAY['National Day activities','Cultural events records','Omani heritage projects'],1),
('2.2.2','2.2','2','Belonging to the Arab and Islamic identity and appreciation of the Arabic language',ARRAY['Arabic language programmes','Islamic values activities','Cultural identity projects'],2),
('2.2.3','2.2','2','Participation in voluntary work',ARRAY['Community service records','Volunteer activity logs','Photos of volunteer events'],3),
('2.2.4','2.2','2','Consultation practices and election culture',ARRAY['Student council election records','School parliament minutes','Consultation meeting notes'],4),
('2.3.1','2.3','2','Commitment to safe and healthy lifestyles',ARRAY['Health education programme','Sports participation records','Wellness initiative evidence'],1),
('2.3.2','2.3','2','Students engagement with environmental and climate issues',ARRAY['Environmental club records','Sustainability projects','Green initiatives evidence'],2),
('2.4.1','2.4','2','Taking initiative in proposing new ideas and launching projects',ARRAY['Student innovation project records','Ideas competition evidence','Startup club records'],1),
('2.4.2','2.4','2','Managing projects to deliver outcomes',ARRAY['Student project completion records','Project management evidence','Exhibition records'],2),
('2.4.3','2.4','2','Commitment to work ethics',ARRAY['Work experience records','Professional conduct observations','Ethics programme evidence'],3),
('2.4.4','2.4','2','Communication and leading teams',ARRAY['Team leadership activity evidence','Presentation records','Communication skill assessments'],4),
('3.1.1','3.1','3','Planning the curriculum to achieve competencies and meet students needs',ARRAY['Lesson plans','Scheme of work','Curriculum mapping documents'],1),
('3.1.2','3.1','3','Making links between academic subjects to support integration of the curriculum and Omani culture',ARRAY['Cross-curricular project evidence','Cultural integration examples in lesson plans'],2),
('3.1.3','3.1','3','Aligning the curriculum to meet the needs of all students taking account of individual differences',ARRAY['Differentiated lesson plans','SEN adaptation records','Gifted and talented provision evidence'],3),
('3.2.1','3.2','3','Management of learning time',ARRAY['Lesson observation records','Timetable','Time-on-task evidence'],1),
('3.2.2','3.2','3','Management of student behaviour',ARRAY['Behaviour policy','Incident records','Classroom observation notes'],2),
('3.2.3','3.2','3','Stimulating student motivation to learn in accordance with their abilities and levels',ARRAY['Motivational strategies evidence','Student engagement records','Reward and recognition schemes'],3),
('3.3.1','3.3','3','Teachers delivery of lesson content and use of learning strategies',ARRAY['Lesson observation forms','Lesson plans','Teaching strategy examples'],1),
('3.3.2','3.3','3','Teachers use of language to enhance learning',ARRAY['Lesson observation notes','Language use examples','Bilingual teaching evidence'],2),
('3.3.3','3.3','3','Use of educational resources and aids including e-learning programmes and platforms',ARRAY['Resource inventory','E-learning platform usage data','Technology integration records'],3),
('3.3.4','3.3','3','Enabling students to express their views apply what they have learnt and learn from their mistakes',ARRAY['Student voice records','Feedback practices evidence','Error analysis examples'],4),
('3.3.5','3.3','3','Adaptation of teaching strategies to meet the needs of students with special needs disabilities or other barriers',ARRAY['IEP documents','SEN teaching adaptation records','Inclusion policy'],5),
('3.4.1','3.4','3','Linking learning to students real life',ARRAY['Real-world learning examples','Community project links','Applied learning records'],1),
('3.4.2','3.4','3','Enhancing the ability to question think and reflect beyond the scope of academic subjects',ARRAY['Critical thinking activities','Inquiry-based learning records','Reflection journals'],2),
('3.4.3','3.4','3','Promoting independent learning and collaboration',ARRAY['Independent project evidence','Group work records','Self-directed learning examples'],3),
('3.4.4','3.4','3','Developing a spirit of initiative and enhancing students ability to cope with changes',ARRAY['Innovation challenges records','Adaptability activities','Initiative-taking examples'],4),
('3.4.5','3.4','3','Developing literacy and numeracy skills and promoting a reading culture',ARRAY['Literacy programme records','Numeracy intervention evidence','Reading data'],5),
('3.4.6','3.4','3','Developing students digital skills',ARRAY['Digital skills programme','Student digital outputs','Technology curriculum evidence'],6),
('3.5.1','3.5','3','Using assessment methods that take account of individual differences and ensure realisation of learning objectives',ARRAY['Assessment plans','Differentiated assessments','Assessment variety examples'],1),
('3.5.2','3.5','3','Implementation of guidance from accrediting bodies',ARRAY['Assessment policy','External assessment guidelines compliance evidence','Moderation records'],2),
('3.5.3','3.5','3','Using students assessment results to support student learning and progress',ARRAY['Assessment analysis records','Feedback examples','Pupil progress meeting notes'],3),
('3.5.4','3.5','3','Follow-up of students progress in realising learning objectives with due consideration of individual differences',ARRAY['Progress tracking spreadsheets','Intervention records','Follow-up meeting minutes'],4),
('4.1.1','4.1','4','Security and safety arrangements and their licensing by competent entities',ARRAY['Safety license from competent authority','Fire safety certificate','Emergency evacuation plan','Maintenance records'],1),
('4.1.2','4.1','4','Appropriateness of school facilities for all students and teachers including those with disabilities',ARRAY['Accessibility audit','Disability access records','Facility inspection reports'],2),
('4.1.3','4.1','4','Cleanliness and attractiveness of the school',ARRAY['Cleaning schedule','Maintenance log','Inspection records','Photos'],3),
('4.1.4','4.1','4','Equipping school facilities with safe teaching aids whether during in-person or distance learning',ARRAY['Equipment inventory','Safety check records','Distance learning platform evidence'],4),
('4.2.1','4.2','4','A school culture that encourages students to explore their individual capabilities and talents',ARRAY['Talent identification records','Extra-curricular activity list','Student capability profiles'],1),
('4.2.2','4.2','4','Enhancing and celebrating students talents and capacities and developing them in line with their desires and needs',ARRAY['Competition participation records','Exhibition evidence','Achievement celebration photos','External recognition'],2),
('4.3.1','4.3','4','A culture of promoting childrens rights',ARRAY['Child protection policy','Anti-bullying policy','Rights education records'],1),
('4.3.2','4.3','4','Taking care of students psychological and physical wellbeing',ARRAY['Counsellor records','Wellbeing programme evidence','Support referral records'],2),
('4.3.3','4.3','4','Support and care for students experiencing barriers to their learning',ARRAY['IEP records','Learning support plans','SEN register','Intervention evidence'],3),
('4.3.4','4.3','4','Preparing students for academic and professional paths',ARRAY['Career guidance programme','University application support records','Labour market awareness activities'],4),
('4.3.5','4.3','4','Understanding growth stages and preparing students to move from one grade to the next',ARRAY['Transition programme records','Grade progression data','Developmental support evidence'],5),
('4.4.1','4.4','4','A school environment that promotes scientific research and ethics',ARRAY['Science fair records','Research ethics policy','Research project evidence'],1),
('4.4.2','4.4','4','The schools approach to highlighting and appreciating students research outputs',ARRAY['Research exhibition records','Award certificates','Publication evidence','External recognition'],2),
('5.1.1','5.1','5','A vision and mission developed and implemented with the participation of the school community',ARRAY['Vision and mission statement','Community consultation records','Strategic plan'],1),
('5.1.2','5.1','5','Self-evaluation and its use in strategic planning and performance improvement',ARRAY['Self-evaluation document','School improvement plan','Evidence of SEF-based planning'],2),
('5.1.3','5.1','5','Joint work and effective communication with the school community to support improvement processes',ARRAY['Staff meeting minutes','Communication records','Working group evidence'],3),
('5.1.4','5.1','5','High expectations towards school staff and students',ARRAY['Performance targets','Recognition scheme records','Appraisal records'],4),
('5.2.1','5.2','5','Leaders understanding of the curriculum and the teaching practices necessary to achieve learning objectives',ARRAY['Leadership lesson observation records','Curriculum knowledge evidence','CPD participation'],1),
('5.2.2','5.2','5','Supervising teaching and learning processes in order to support students learning',ARRAY['Lesson observation schedule','Teaching quality review records','Supervision notes'],2),
('5.2.3','5.2','5','Directing the professional development of teachers to improve teaching',ARRAY['CPD plan','Training records','Teacher development reviews','CPD impact evidence'],3),
('5.2.4','5.2','5','Engaging students in educational improvement processes',ARRAY['Student voice records','Student council input evidence','Student satisfaction surveys'],4),
('5.2.5','5.2','5','Forming professional learning communities within the school and with other schools',ARRAY['PLC meeting minutes','Inter-school collaboration records','Professional network evidence'],5),
('5.3.1','5.3','5','Management of financial resources to support the learning of all students',ARRAY['Budget allocation records','Financial reports','Expenditure documentation'],1),
('5.3.2','5.3','5','Effective use of school facilities and teaching aids',ARRAY['Facility usage records','Resource management policy','Equipment allocation evidence'],2),
('5.3.3','5.3','5','Organising roles and responsibilities',ARRAY['Organisational chart','Job descriptions','Delegation records'],3),
('5.3.4','5.3','5','Managing human resources and enhancing their professional competence',ARRAY['Staff records','Recruitment policy','HR management evidence','Professional competence reviews'],4),
('5.4.1','5.4','5','Engaging parents in school life',ARRAY['Parent meeting records','Parent engagement activities','Communication logs'],1),
('5.4.2','5.4','5','Enabling parents to support their childrens learning',ARRAY['Parent workshop records','Learning support guidance sent to parents','Parent feedback'],2),
('5.4.3','5.4','5','Partnership with community establishments to contribute to improving school life',ARRAY['MOU/partnership agreements','Community project records','Sponsor engagement evidence'],3),
('5.5.1','5.5','5','Accountability according to roles and responsibilities',ARRAY['Accountability framework','Performance review records','Roles and responsibilities documentation'],1),
('5.5.2','5.5','5','Implementation of policies and rules relating to schoolwork',ARRAY['Policy register','Policy review records','Policy implementation evidence'],2),
('5.5.3','5.5','5','Transparency in data provision and sharing',ARRAY['Data sharing policy','Parent communication records','Public reporting evidence'],3)
ON CONFLICT (id) DO NOTHING;
